"","player","position","team","points","sd_pts","dropoff","floor","ceiling","points_vor","floor_vor","ceiling_vor","rank","floor_rank","ceiling_rank","position_rank","tier","adp","aav","uncertainty"
"1","Christian McCaffrey","RB","SF",319,35.4,7.91,272,369,163,145,177,1,1,1,1,"1",3.01,64.5,55
"2","Austin Ekeler","RB","LAC",311,21.4,36,271,335,155,144,143,2,2,5,2,"2",5.08,59.9,7
"3","Travis Kelce","TE","KC",286,21.9,73.6,262,319,152,142,158,3,3,2,1,"1",7.06,57.4,23
"4","Justin Jefferson","WR","MIN",331,32.6,15,286,369,144,125,152,4,4,3,1,"1",1.92,65,52
"5","Ja'Marr Chase","WR","CIN",316,29.2,3.55,272,361,129,112,143,5,7,4,2,"1",4.7,60,44
"6","Cooper Kupp","WR","LAR",312,27.3,5.98,272,345,125,112,127,6,6,7,3,"1",9.01,53.9,35
"7","Saquon Barkley","RB","NYG",275,29.4,10.6,244,321,119,117,128,7,5,6,3,"3",10.5,51.9,41
"8","Tyreek Hill","WR","MIA",306,21.2,15,270,329,119,109,111,8,8,9,4,"2",8.11,55.9,7
"9","Tony Pollard","RB","DAL",264,26.4,5.88,227,303,109,99.9,110,9,12,10,4,"3",15.1,46.4,24
"10","CeeDee Lamb","WR","DAL",291,32,6.68,249,328,104,88.5,110,10,17,11,5,"2",16,44.1,58
"11","Josh Jacobs","RB","LVR",258,23.9,0.36,226,291,103,99.4,98.9,11,13,16,5,"3",18,42.2,20
"12","Nick Chubb","RB","CLE",258,26,1.28,223,292,102,96.4,99.8,12,15,13,6,"3",10.6,52.5,25
"13","Derrick Henry","RB","TEN",257,14.4,0.107,233,275,101,106,82.2,13,9,23,7,"3",14.3,48.2,1
"14","Bijan Robinson","RB","ATL",257,22.3,11.8,227,287,101,100,94.1,14,11,19,8,"4",8.63,61.1,13
"15","Patrick Mahomes","QB","KC",369,12.4,1.42,354,392,97.7,101,106,15,10,12,1,"1",14.5,42.5,3
"16","Davante Adams","WR","LVR",285,25.8,3.75,245,316,97.3,84.3,97.7,16,20,17,6,"2",17,45.6,30
"17","Jalen Hurts","QB","PHI",368,18.6,3.4,340,385,96.3,87.4,99.3,17,18,15,2,"1",20.7,36.9,9
"18","Stefon Diggs","WR","BUF",281,23,13,258,317,93.6,97.6,99.4,18,14,14,7,"3",12.9,49.4,15
"19","Josh Allen","QB","BUF",365,27.8,41,329,408,92.9,76.5,122,19,23,8,3,"2",19.5,36.8,44
"20","Jonathan Taylor","RB","IND",245,25.2,5.96,211,278,89.3,83.8,86,20,22,22,9,"4",22.5,39.2,42
"21","Joe Mixon","RB","CIN",239,26,5.14,217,287,83.4,90.5,94.4,21,16,18,10,"4",30.9,32.7,44
"22","Amon-Ra St. Brown","WR","DET",268,19.1,11.2,247,291,80.5,87,73.3,22,19,25,8,"3",20.9,40.6,1
"23","Mark Andrews","TE","BAL",212,18.3,16.1,189,235,78.7,68.5,74.7,23,26,24,2,"2",33.3,26.5,20
"24","Aaron Jones","RB","GB",234,17.6,3.61,211,259,78.2,84.2,66.6,24,21,30,11,"4",36.6,28.7,8
"25","Rhamondre Stevenson","RB","NE",230,25.3,1.99,200,259,74.6,73.5,66.8,25,24,29,12,"5",33.1,26.7,35
"26","Najee Harris","RB","PIT",228,29.3,11.3,180,265,72.6,53.4,72.8,26,33,26,13,"5",29.5,31.5,58
"27","A.J. Brown","WR","PHI",257,33.2,4.17,217,309,69.3,56.5,91.5,27,31,20,9,"3",15.9,43.1,66
"28","Garrett Wilson","WR","NYJ",253,28,6.14,222,304,65.2,61.8,86.2,28,28,21,10,"4",19.9,40.1,45
"29","T.J. Hockenson","TE","MIN",196,15.1,12.6,177,215,62.6,56.4,54.8,29,32,35,3,"2",49.2,18,17
"30","Travis Etienne","RB","JAC",217,19.2,2.88,193,247,61.3,65.8,54.5,30,27,36,14,"5",31.1,29.6,15
"31","Jaylen Waddle","WR","MIA",246,22,11.1,212,269,59,52.1,51.2,31,34,41,11,"4",25.9,33.7,17
"32","Kenneth Walker III","RB","SEA",214,27.9,1.56,179,259,58.4,52,66.9,32,35,28,15,"5",44.3,19,52
"33","James Conner","RB","ARI",212,14.1,0.734,199,231,56.9,72.3,38.1,33,25,50,16,"5",61,16,4
"34","Jahmyr Gibbs","RB","DET",212,22.5,3.26,176,239,56.1,49,46.2,34,40,44,17,"6",34.5,33.8,28
"35","Alexander Mattison","RB","MIN",208,18.1,1.09,186,233,52.9,59.3,41,35,30,48,18,"6",57.4,17.7,23
"36","Lamar Jackson","QB","BAL",324,21.3,1.8,291,356,51.9,38.4,70,36,51,27,4,"2",35.2,26.9,29
"37","Dameon Pierce","RB","HOU",207,24.8,1.44,188,256,51.8,60.9,63.6,37,29,33,19,"6",46.9,18.8,46
"38","Rachaad White","RB","TB",206,22.9,3.38,171,228,50.3,44,35.6,38,44,55,20,"6",71.7,12.1,38
"39","Joe Burrow","QB","CIN",322,21.7,18.1,294,350,50.1,41.2,64.8,39,49,31,5,"3",36.4,25.2,26
"40","George Kittle","TE","SF",183,20.7,4.44,162,214,50,42.3,53,40,48,39,4,"3",51.2,16.2,40
"41","Chris Olave","WR","NO",235,22.8,0.0534,207,272,47.9,46.8,54.1,41,42,37,12,"4",30.1,31.2,21
"42","DeVonta Smith","WR","PHI",235,26,0.0383,212,283,47.8,51.4,64.7,42,36,32,13,"4",31.9,28.1,48
"43","Tee Higgins","WR","CIN",235,19.1,1.65,210,259,47.8,49.6,40.8,43,37,49,14,"4",33.6,27.5,10
"44","Miles Sanders","RB","CAR",203,30.5,1.95,163,245,47,36.7,52.6,44,52,40,21,"6",53.8,16.5,65
"45","DK Metcalf","WR","SEA",234,23.8,2.52,197,260,46.2,36.4,41.7,45,53,46,15,"4",36.5,27.4,31
"46","Darren Waller","TE","NYG",179,11.8,11,163,196,45.5,43.2,35.2,46,46,56,5,"3",55.9,14.7,6
"47","Breece Hall","RB","NYJ",201,20.2,4.03,176,230,45,49.5,37.8,47,38,51,22,"6",45.1,21.9,32
"48","Calvin Ridley","WR","JAC",231,21.6,0.241,204,255,43.6,43.7,37,48,45,52,16,"4",36.3,25,28
"49","Keenan Allen","WR","LAC",231,17,2.26,209,251,43.4,49.1,33,49,39,58,17,"4",46.9,23.1,6
"50","Amari Cooper","WR","CLE",229,22.4,0.147,203,267,41.1,42.6,49,50,47,42,18,"4",42.1,21.3,20
"51","J.K. Dobbins","RB","BAL",197,30.2,9.57,163,241,41,36.2,49,52,54,43,23,"7",56.7,15.4,68
"52","Deebo Samuel","WR","SF",228,23.6,2.89,205,263,41,45.2,45,51,43,45,19,"5",37.5,23.5,41
"53","Christian Watson","WR","GB",226,17.2,5.07,208,254,38.1,47.4,36.2,53,41,53,20,"5",55.4,13.5,13
"54","Dallas Goedert","TE","PHI",168,18.8,2.19,143,189,34.6,23.1,28.4,54,69,64,6,"4",65.4,10.5,31
"55","Chris Godwin","WR","TB",220,22,3.26,195,249,33,35,31.3,55,58,62,21,"5",75.5,11.6,32
"56","Jalen Pitre","DB","HOU",138,7.93,27.1,131,146,33,40.3,21.4,56,50,73,1,"1",NA,10.7,13
"57","Kyle Pitts","TE","ATL",166,8.27,9.39,156,179,32.4,35.6,18.7,57,57,81,7,"4",65.3,10.9,1
"58","Justin Fields","QB","CHI",304,15.2,1.06,283,327,31.9,30.1,41.6,58,61,47,6,"3",46.8,19.1,12
"59","James Cook","RB","BUF",187,20.9,1.68,154,217,31.4,27.1,24.7,59,66,67,24,"7",72.9,12,27
"60","Justin Herbert","QB","LAC",303,20.2,14.6,285,339,30.9,32.2,53.4,60,59,38,7,"4",44.9,20.6,24
"61","Terry McLaurin","WR","WAS",217,31.8,0.938,185,273,29.8,24.6,55.6,61,68,34,22,"5",60.1,12.4,75
"62","Javonte Williams","RB","DEN",185,37.5,0.0669,135,225,29.7,8.15,32.7,62,94,60,25,"7",71.8,12.8,85
"63","Cam Akers","RB","LAR",185,22,2.37,149,216,29.7,22.3,23.4,63,72,69,26,"7",60.6,15.1,30
"64","Mike Evans","WR","TB",216,26.8,0.306,183,251,28.8,22.6,33,64,70,59,23,"5",76.6,12.6,51
"65","Mike Williams","WR","LAC",216,23.9,1.51,181,254,28.5,20.6,35.7,65,76,54,24,"5",67.2,11.8,49
"66","Alvin Kamara","RB","NO",183,17.5,0.201,152,200,27.3,25.5,7.08,66,67,110,27,"7",69.4,17.2,17
"67","Isiah Pacheco","RB","KC",183,15.5,0.647,156,201,27.1,29.6,8.64,67,63,106,28,"7",70.2,10.4,3
"68","DeAndre Hopkins","WR","TEN",214,16.3,0.0767,196,239,27,36,20.8,68,56,74,25,"5",57.4,16.7,4
"69","Christian Kirk","WR","JAC",214,22.4,2.67,191,250,26.9,30.7,31.8,69,60,61,26,"5",75.9,9.23,38
"70","David Montgomery","RB","DET",182,16.7,4.28,163,203,26.4,36.2,10.6,70,55,101,29,"7",77,10.7,6
"71","D.J. Moore","WR","CHI",212,18,3.04,188,242,24.3,27.7,24.5,71,65,68,27,"5",51.7,15.9,14
"72","Evan Engram","TE","JAC",156,9.95,3.76,148,173,23,28.1,12.7,72,64,92,8,"4",84.3,6.32,3
"73","D'Andre Swift","RB","PHI",178,22.3,9.31,145,205,22.2,18,12.2,73,78,94,30,"7",78.2,9.56,37
"74","Tyler Lockett","WR","SEA",209,27.3,4.21,181,246,21.2,20.6,27.9,74,75,66,28,"6",69.8,11.6,61
"75","Foyesade Oluokun","LB","JAC",143,33.6,3.27,124,181,20,22.5,18.2,75,71,82,1,"1",NA,18.9,49
"76","Pat Freiermuth","TE","PIT",153,12.7,8.91,135,174,19.2,15.1,13.8,76,80,88,9,"5",92.3,4.99,9
"77","Diontae Johnson","WR","PIT",204,15.8,0.519,182,226,17,21.6,8.62,77,74,107,29,"6",82,10.9,11
"78","Roquan Smith","LB","BAL",139,36,5.1,116,180,16.7,14.9,17.6,78,82,84,2,"1",NA,16.2,57
"79","Marquise Brown","WR","ARI",204,18.8,1.19,182,231,16.5,22.1,13.6,79,73,89,30,"6",93.9,6.26,27
"80","Deshaun Watson","QB","CLE",288,19.9,4.09,260,314,16.3,7.25,28.1,80,99,65,8,"4",79.9,8.66,38
"81","Drake London","WR","ATL",203,15.6,0.352,190,232,15.3,30,14,81,62,87,31,"6",70.1,10.5,1
"82","Michael Pittman","WR","IND",202,32.6,3.15,156,246,15,-3.94,28.4,82,153,63,32,"6",89.9,7.33,82
"83","Maxx Crosby","DL","LVR",88,20.4,3.16,75.1,111,13.4,6.51,20.5,83,102,75,1,"1",NA,12.5,80
"84","Dalvin Cook","RB","NYJ",168,34.8,0.246,127,210,12.9,0,17.2,84,130,85,31,"8",71.8,13.8,77
"85","Antonio Gibson","RB","WAS",168,18.2,2.39,145,197,12.6,18.6,4.13,85,77,120,32,"8",108,6.15,10
"86","Daniel Jones","QB","NYG",284,22.3,7.05,257,320,12.2,4.58,34.5,86,109,57,9,"4",110,6.24,50
"87","Jerry Jeudy","WR","DEN",199,23.1,0.323,170,239,11.8,9.63,21.4,87,91,72,33,"6",69.9,9.63,70
"88","Zaire Franklin","LB","IND",134,34.1,1.77,115,173,11.6,14.3,10.5,88,85,102,3,"1",NA,18.8,51
"89","Brandon Aiyuk","WR","SF",199,23.5,10.2,175,241,11.5,14.6,23,89,84,70,34,"6",74.3,10.9,46
"90","Justin Tucker","K","BAL",156,13.6,1.34,143,178,11,10.8,20.5,90,90,76,1,"1",103,5.38,26
"91","Tyler Higbee","TE","LAR",144,11.9,0.0787,125,156,10.3,4.84,-5,91,108,165,10,"5",139,2.7,14
"92","Micah Parsons","DL","DAL",84.9,5.59,1.38,81.3,89,10.3,12.7,-1.86,92,87,142,2,"1",NA,NA,33
"93","AJ Dillon","RB","GB",166,22.3,1.44,129,192,10.2,2.54,0,94,119,130,33,"8",95.1,6.23,21
"94","David Njoku","TE","CLE",144,17.5,2.04,125,171,10.2,4.47,10.7,93,111,100,11,"5",96.2,5.16,37
"95","Nick Bolton","LB","KC",132,43.1,2.73,107,182,9.83,5.84,19,95,103,80,4,"1",NA,NA,86
"96","Daniel Carlson","K","LVR",154,14.6,5.27,139,180,9.62,6.81,22.3,96,101,71,2,"1",127,2.69,87
"97","T.J. Watt","DL","PIT",83.5,5.37,1.49,79.5,86.9,8.89,11,-3.9,97,89,158,3,"1",NA,10.4,29
"98","Khalil Herbert","RB","CHI",164,23.4,8.78,141,201,8.78,13.8,8.47,98,86,108,34,"8",90.5,8.84,39
"99","Dalton Schultz","TE","HOU",141,13.1,8.19,128,161,8.19,7.33,0,99,98,130,12,"6",123,3.56,29
"100","Myles Garrett","DL","CLE",82,19.3,3.43,71.2,104,7.41,2.67,13.3,100,117,90,4,"2",NA,12.5,78
"101","Frankie Luvu","LB","CAR",130,21.8,2.24,116,155,7.1,14.7,-8.23,101,83,185,5,"1",NA,12.1,10
"102","Antoine Winfield","DB","TB",111,18.9,0.365,98.9,132,5.88,8.71,8.1,102,93,109,2,"1",NA,6.91,63
"103","Budda Baker","DB","ARI",110,23.2,2.13,95.5,137,5.51,5.26,12.6,103,105,93,3,"1",NA,8.45,78
"104","Kirk Cousins","QB","MIN",277,4.93,1.74,269,283,5.13,16.5,-3.14,104,79,150,10,"4",101,7.95,1
"105","Eagles","DST","PHI",102,8.85,1.65,93.8,116,5.03,8.93,4.97,105,92,116,1,"1",113,2.64,23
"106","C.J. Mosley","LB","NYJ",127,24.9,3.12,113,156,4.86,11.6,-6.78,106,88,181,6,"1",NA,14.9,18
"107","Younghoe Koo","K","ATL",149,6.25,0.403,139,156,4.35,7.11,-1.45,107,100,140,3,"1",154,2.02,3
"108","Aaron Donald","DL","LAR",78.6,20.7,1.32,66.4,102,3.98,-2.11,11.5,108,142,98,5,"2",NA,13.3,82
"109","Evan McPherson","K","CIN",149,12.9,0.888,137,174,3.95,5.36,16,109,104,86,4,"1",138,2.97,42
"110","Trevor Lawrence","QB","JAC",275,18.6,1.03,255,306,3.39,2.25,20,110,123,78,11,"5",57.7,15.7,21
"111","Patriots","DST","NE",100,15.1,3.38,79.6,124,3.38,-5.26,12.9,112,161,91,2,"2",136,1.48,74
"112","Derwin James","DB","LAC",108,24.6,1.45,92.8,136,3.38,2.56,12.1,111,118,95,4,"1",NA,14.7,83
"113","Harrison Butker","K","KC",148,12.8,2.11,126,166,3.06,-5.43,8.68,113,163,105,5,"1",134,3.11,29
"114","Nick Bosa","DL","SF",77.2,22.4,1.41,57.4,101,2.66,-11.2,10.4,114,212,103,6,"2",NA,13.5,93
"115","Dak Prescott","QB","DAL",274,18.4,2.36,255,297,2.36,2.42,11.4,115,120,99,12,"5",90.2,8.29,32
"116","Jordan Battle","DB","CIN",107,NA,0.95,NA,NA,1.93,NA,NA,116,NA,NA,5,"1",NA,3.98,NA
"117","Alex Singleton","LB","DEN",124,51.4,0.32,95,183,1.74,-6.13,20.5,117,172,77,7,"1",NA,8.02,98
"118","Jacob Phillips","LB","CLE",124,NA,1.06,NA,NA,1.42,NA,NA,118,NA,NA,8,"1",NA,NA,NA
"119","Jahan Dotson","WR","WAS",189,14.8,1.28,175,214,1.28,15.1,-3.61,119,81,156,35,"6",91.4,5.96,8
"120","Kayvon Thibodeaux","DL","NYG",75.8,11.8,0.425,68.5,89.3,1.25,0,-1.48,120,130,141,7,"2",NA,NA,49
"121","Mike Edwards","DB","KC",106,24.7,0.302,89,123,0.98,-1.26,-1.35,121,138,139,6,"1",NA,NA,85
"122","Jason Myers","K","SEA",146,7.34,0.56,137,155,0.951,5.25,-2.66,122,106,146,6,"1",158,1.8,23
"123","Haason Reddick","DL","PHI",75.4,5.52,0.0399,71.9,79.5,0.827,3.34,-11.4,123,115,204,8,"2",NA,9.5,31
"124","Will Anderson","DL","HOU",75.4,8.2,0.787,70.1,81.4,0.787,1.58,-9.42,124,125,191,9,"3",72.1,NA,40
"125","Minkah Fitzpatrick","DB","PIT",106,16.3,0.332,92.5,123,0.678,2.33,-0.859,125,122,137,7,"1",NA,11.6,48
"126","Tyler Bass","K","BUF",145,11,0.391,125,157,0.391,-7.16,-0.313,126,179,133,7,"1",134,2.19,19
"127","Logan Wilson","LB","CIN",123,25.2,0.357,109,152,0.357,7.67,-11,127,96,202,9,"1",NA,7.99,22
"128","Chauncey Gardner-Johnson","DB","DET",105,12.5,0.274,97.9,119,0.346,7.72,-4.95,128,95,164,8,"1",NA,9.02,33
"129","Harrison Smith","DB","MIN",105,12.6,0.0728,94.1,118,0.0728,3.84,-6.16,129,114,176,9,"1",NA,6.1,37
"130","Geno Smith","QB","SEA",272,14.4,9.23,252,290,0,0,4.28,130,130,119,13,"5",116,6.51,6
"131","Brian Robinson","RB","WAS",156,26.3,4.39,126,197,0,-1.24,4.65,130,137,118,35,"8",94.3,6.12,45
"132","George Pickens","WR","PIT",187,19.6,1.74,168,225,0,7.42,6.83,130,97,111,36,"6",82,9.42,25
"133","Cole Kmet","TE","CHI",133,17.3,0.847,106,153,0,-13.8,-7.25,130,239,184,13,"6",129,2.61,46
"134","Graham Gano","K","NYG",145,8.76,1.86,132,155,0,0,-2.96,130,130,149,8,"2",164,1.81,32
"135","Cowboys","DST","DAL",96.6,9.26,0.82,84.3,107,0,-0.613,-3.76,130,135,157,3,"3",113,2.36,13
"136","Harold Landry","DL","TEN",74.6,7,0.086,70.1,79.7,0,1.56,-11.1,130,126,203,10,"3",NA,7.75,36
"137","Bobby Wagner","LB","SEA",123,30.1,0.273,103,157,0,1.72,-5.89,130,124,172,10,"1",NA,18.3,37
"138","Jaquan Brisker","DB","CHI",105,28.1,2.13,83.1,136,0,-7.15,11.7,130,178,97,10,"1",NA,10.8,91
"139","Jonathan Allen","DL","WAS",74.5,19,0.213,61.6,96.1,-0.086,-6.93,5.31,131,176,114,11,"3",NA,NA,76
"140","Fred Warner","LB","SF",122,45.5,0.386,96.7,175,-0.273,-4.39,11.7,132,155,96,11,"1",NA,10.9,88
"141","Danielle Hunter","DL","MIN",74.3,17.6,0.165,62.7,94.4,-0.299,-5.88,3.59,133,168,121,12,"3",NA,12.7,69
"142","Aidan Hutchinson","DL","DET",74.1,0.455,1.92,73.6,74.5,-0.464,5.08,-16.3,134,107,255,13,"3",NA,NA,2
"143","Bobby Okereke","LB","NYG",122,40,3.76,97.2,168,-0.66,-3.89,4.88,135,152,117,12,"1",NA,15.8,76
"144","Chiefs","DST","KC",95.8,7.74,3.36,84.9,106,-0.82,0,-4.83,136,130,162,4,"4",163,0.665,10
"145","Chigoziem Okonkwo","TE","TEN",132,13.4,2.23,120,158,-0.847,0,-2.84,137,130,148,14,"6",142,3.16,11
"146","JuJu Smith-Schuster","WR","NE",186,22.2,0.127,160,218,-1.74,0,0,138,130,130,37,"6",119,4.56,56
"147","Greg Joseph","K","MIN",143,5.34,0.479,136,152,-1.86,4.26,-5.94,139,113,173,9,"2",173,1.36,10
"148","Brandin Cooks","WR","DAL",186,28.6,4.19,134,211,-1.87,-26.1,-6.8,140,354,182,38,"7",101,6.9,72
"149","Marcus Maye","DB","NO",103,8.23,0.964,94.8,110,-2.13,4.55,-14,141,110,240,11,"1",NA,3.43,15
"150","Brett Maher","K","DEN",142,19.6,0.308,119,175,-2.34,-12.3,17.7,142,223,83,10,"2",173,2.01,99
"151","Zaven Collins","DL","ARI",72.2,NA,0.0345,NA,NA,-2.39,NA,NA,143,NA,NA,14,"3",NA,NA,NA
"152","Cameron Jordan","DL","NO",72.2,15.7,1.54,62.6,90.1,-2.42,-5.95,-0.716,144,169,136,15,"3",NA,5.23,62
"153","Riley Patterson","K","DET",142,10.8,0.386,130,160,-2.65,-2.23,2.16,145,145,123,11,"2",176,1.87,71
"154","Brandon McManus","K","JAC",142,5.35,2.24,135,151,-3.03,3.11,-7,146,116,183,12,"2",171,1.16,1
"155","Juwan Johnson","TE","NO",130,22.7,0.391,108,163,-3.08,-11.8,2.24,147,216,122,15,"6",136,3.82,71
"156","Kamren Curl","DB","WAS",102,27.8,1.9,85.7,134,-3.1,-4.52,9.32,148,156,104,12,"1",NA,5.33,89
"157","Gerald Everett","TE","LAC",130,12.3,1.86,114,148,-3.47,-6.02,-12.4,149,171,217,16,"6",152,1.78,26
"158","Christian Wilkins","DL","MIA",70.6,2.47,0.118,69,72.4,-3.96,0.49,-18.4,150,127,272,16,"3",NA,7.58,18
"159","Brian Burns","DL","CAR",70.5,12,1.13,63.3,84.3,-4.08,-5.28,-6.52,151,162,179,17,"4",NA,7.99,51
"160","Steelers","DST","PIT",92.4,11.7,0.129,79.3,111,-4.18,-5.54,0,152,166,130,5,"4",138,1.78,55
"161","49ers","DST","SF",92.3,4.9,1.26,84.4,97.1,-4.31,-0.451,-14,153,133,239,6,"5",95.4,3.84,1
"162","Samaje Perine","RB","DEN",151,22.2,17.2,127,183,-4.39,0.197,-9.45,154,129,192,36,"9",117,5.21,34
"163","Harold Landry","LB","TEN",118,NA,0.531,NA,NA,-4.42,NA,NA,155,NA,NA,13,"1",NA,7.75,NA
"164","Jordyn Brooks","LB","SEA",118,39.8,1.26,89.2,163,-4.95,-11.9,0,156,218,130,14,"1",NA,NA,73
"165","Eddie Jackson","DB","CHI",99.9,23.4,0.00957,83,126,-5,-7.27,1.92,157,181,124,13,"1",NA,4.34,80
"166","L'Jarius Sneed","DB","KC",99.9,19.3,0.776,87.8,122,-5.01,-2.39,-2.38,158,146,145,14,"1",NA,5.62,67
"167","Cameron Heyward","DL","PIT",69.4,21,0.55,49.8,91.3,-5.21,-18.7,0.449,159,294,128,18,"4",NA,9.1,84
"168","Cameron Dicker","K","LAC",139,14,0.0262,119,154,-5.27,-12.9,-3.51,160,229,155,13,"2",167,1.36,94
"169","Chris Boswell","K","PIT",139,12.6,0.000349,129,164,-5.3,-2.53,6.19,161,147,112,14,"2",167,1.72,84
"170","Jake Moody","K","SF",139,8.08,0.224,127,148,-5.3,-5.17,-9.82,162,160,195,15,"2",170,1.43,81
"171","Greg Dulcich","TE","DEN",128,12.7,6.26,112,144,-5.33,-8.36,-16.7,163,187,260,17,"6",143,1.52,49
"172","Jake Elliott","K","PHI",139,13,0.371,122,158,-5.52,-9.8,0,164,197,130,16,"2",152,2.13,55
"173","Commanders","DST","WAS",91,12.3,0.0591,74.7,106,-5.57,-10.2,-4.71,165,203,161,7,"5",167,0.5,84
"174","Packers","DST","GB",90.9,5.3,0.0152,84.2,97.5,-5.63,-0.702,-13.6,166,136,229,8,"5",161,1,19
"175","Bills","DST","BUF",90.9,4.69,0.423,85.3,99,-5.64,0.382,-12.1,167,128,214,9,"6",121,1.92,3
"176","Sam Hubbard","DL","CIN",68.8,14.4,1.13,58.6,85.1,-5.76,-9.97,-5.7,168,200,171,19,"4",NA,6.43,55
"177","Jeremy Chinn","DB","CAR",99.1,4.52,0.286,94.6,103,-5.78,4.42,-21.2,169,112,298,15,"1",NA,9.43,4
"178","Jason Sanders","K","MIA",139,6.41,1.41,130,146,-5.89,-1.42,-11.8,170,140,209,17,"2",171,1.5,6
"179","Courtland Sutton","WR","DEN",181,25.5,5.32,151,218,-6.06,-9.05,-0.0265,171,191,131,39,"7",108,7.48,63
"180","Dolphins","DST","MIA",90.5,7.67,0.481,82.2,101,-6.07,-2.65,-10.2,172,148,197,10,"6",155,1.07,29
"181","Isaiah Simmons","DB","NYG",98.8,NA,0.927,NA,NA,-6.07,NA,NA,173,NA,NA,16,"1",NA,NA,NA
"182","Drue Tranquill","LB","KC",116,40.9,2.24,91.2,163,-6.21,-9.95,0.492,174,199,127,15,"1",NA,4.03,80
"183","Browns","DST","CLE",90,9.82,0.597,76,105,-6.55,-8.92,-5.68,175,190,170,11,"7",162,1,45
"184","Jeffery Simmons","DL","TEN",67.7,14.7,0.462,58.7,84.6,-6.89,-9.86,-6.22,176,198,177,20,"4",NA,NA,58
"185","Justin Simmons","DB","DEN",97.9,18.3,0.448,86.9,119,-7,-3.3,-5.54,177,150,167,17,"1",NA,4.85,61
"186","Saints","DST","NO",89.4,7.34,0.299,82.7,103,-7.14,-2.22,-8.58,178,144,186,12,"7",142,1.75,6
"187","Greg Zuerlein","K","NYJ",137,8.18,1.68,127,149,-7.31,-5.09,-8.78,179,159,187,18,"2",168,1.62,48
"188","Uchenna Nwosu","DL","SEA",67.2,7.99,0.145,62.1,73.1,-7.35,-6.43,-17.7,180,173,267,21,"4",NA,7.63,38
"189","Colts","DST","IND",89.1,9.19,0.314,73.2,97.6,-7.44,-11.7,-13.5,181,215,228,13,"8",170,0,58
"190","Marcus Williams","DB","BAL",97.4,12.2,0.0539,88.8,111,-7.45,-1.38,-13.1,182,139,225,18,"1",NA,3.24,30
"191","DeForest Buckner","DL","IND",67.1,15.6,0.0579,55.7,84.8,-7.5,-12.8,-6.06,183,227,175,22,"4",NA,6.6,60
"192","Grant Delpit","DB","CLE",97.4,20.5,0.0491,84.5,121,-7.5,-5.77,-3.48,184,167,154,19,"1",NA,4.58,70
"193","Da'Ron Payne","DL","WAS",67,21.9,0.201,53.6,92.1,-7.55,-14.9,1.28,186,252,125,23,"4",NA,4.39,91
"194","Rasul Douglas","DB","GB",97.3,9.43,0.135,89.7,108,-7.55,-0.48,-16.7,185,134,259,20,"1",NA,NA,19
"195","Rayshawn Jenkins","DB","JAC",97.2,22.9,0.07,83.1,123,-7.68,-7.17,-0.96,187,180,138,21,"1",NA,4.06,74
"196","Kevin Byard","DB","TEN",97.1,20,1.32,85.2,120,-7.75,-5.02,-4.28,188,158,160,22,"2",NA,4.42,69
"197","Seahawks","DST","SEA",88.8,10,0.42,73,100,-7.76,-11.9,-10.7,190,219,200,14,"8",178,0,99
"198","Kwity Paye","DL","IND",66.8,18.1,0.409,56.5,87.6,-7.76,-12.1,-3.24,189,220,152,24,"4",NA,NA,73
"199","Rashan Gary","DL","GB",66.4,21.3,0.674,53.9,90.8,-8.16,-14.6,0,191,247,130,25,"4",NA,NA,87
"200","Jets","DST","NYJ",88.4,8.93,0.0362,75.8,99.4,-8.18,-9.08,-11.7,192,193,208,15,"8",134,1.49,42
"201","Lions","DST","DET",88.4,11.6,0.369,66.9,97.4,-8.21,-18,-13.7,193,285,232,16,"9",167,0,90
"202","Cole Holcomb","LB","PIT",114,42.5,0.379,85.9,163,-8.45,-15.2,-0.252,194,256,132,16,"1",NA,13.5,84
"203","Chargers","DST","LAC",88,10.6,0.875,71.7,98.5,-8.58,-13.2,-12.6,195,234,218,17,"10",169,0,65
"204","T.J. Watt","LB","PIT",114,NA,0.52,NA,NA,-8.83,NA,NA,196,NA,NA,17,"1",NA,10.4,NA
"205","Quinnen Williams","DL","NYJ",65.7,10.5,0.22,59.5,77.8,-8.84,-9.08,-13,197,192,221,26,"4",NA,6,47
"206","Eddy Pineiro","K","CAR",136,8.94,1.33,124,146,-8.98,-7.44,-11.8,198,182,210,19,"2",172,0,68
"207","Josh Sweat","DL","PHI",65.5,8.99,1.68,60.3,75.8,-9.06,-8.29,-15,199,186,248,27,"5",NA,4.8,44
"208","Jalen Thompson","DB","ARI",95.8,17.8,0.474,80,114,-9.07,-10.2,-10.1,200,204,196,23,"2",NA,5.5,56
"209","Jared Goff","QB","DET",263,17.9,4.9,239,282,-9.23,-13.4,-3.17,201,237,151,14,"5",124,4.94,18
"210","Lavonte David","LB","TB",113,39.8,0.156,88.9,159,-9.35,-12.2,-4,202,222,159,18,"1",NA,9.12,71
"211","Rams","DST","LAR",87.1,7.07,0.135,75.7,93.9,-9.46,-9.16,-17.2,203,194,264,18,"10",170,0,61
"212","Jordan Hicks","LB","MIN",113,32.6,0.0372,90.8,150,-9.5,-10.3,-12.6,204,205,219,19,"1",NA,6.77,43
"213","Eric Kendricks","LB","LAC",113,23,0.796,99.6,139,-9.54,-1.49,-23.4,205,141,314,20,"1",NA,10.2,14
"214","Russ Yeast","DB","LAR",95.3,10.6,0.282,88.1,103,-9.55,-2.13,-21.7,206,143,303,24,"2",NA,NA,22
"215","Texans","DST","HOU",87,10.3,0.81,74.4,99.7,-9.59,-10.5,-11.4,207,207,205,19,"11",165,0,71
"216","Xavier McKinney","DB","NYG",95,23.5,0.151,81.8,122,-9.83,-8.41,-2.33,208,188,144,25,"2",NA,3.98,81
"217","Marcus Epps","DB","LVR",94.9,12.3,0.617,84.7,108,-9.98,-5.53,-16.1,209,165,254,26,"2",NA,NA,31
"218","Brandon Aubrey","K","DAL",134,15.1,2.37,113,154,-10.3,-18.7,-3.25,210,292,153,20,"3",159,1.64,97
"219","DeVondre Campbell","LB","GB",112,29.6,0.153,94,146,-10.3,-7.12,-16.7,211,177,258,21,"1",NA,8.28,35
"220","Ravens","DST","BAL",86.2,11.3,0.477,70.6,99.2,-10.4,-14.3,-11.8,212,245,211,20,"11",152,1.38,26
"221","Matt Milano","LB","BUF",112,8.54,0.842,104,119,-10.5,2.41,-43.8,213,121,457,22,"1",NA,7.22,4
"222","Kyle Dugger","DB","NE",94.3,7.13,0.0736,87,99.6,-10.6,-3.23,-24.7,214,149,319,27,"2",NA,7.37,9
"223","Matt Judon","DL","NE",63.8,1.77,0.221,62.5,65,-10.7,-6,-25.8,216,170,330,28,"5",NA,8.35,11
"224","Jartavius Martin","DB","WAS",94.2,NA,0.483,NA,NA,-10.7,NA,NA,215,NA,NA,28,"2",NA,2.88,NA
"225","Jaguars","DST","JAC",85.7,10.8,2.19,68,95.3,-10.9,-16.9,-15.8,217,272,250,21,"12",164,0.57,77
"226","Randy Gregory","DL","DEN",63.6,2.47,1.84,62,65.4,-11,-6.51,-25.4,218,174,325,29,"5",NA,3.12,18
"227","Jamal Adams","DB","SEA",93.7,10.6,0.277,83.6,104,-11.2,-6.64,-20.7,219,175,292,29,"2",NA,6.62,20
"228","Josey Jewell","LB","DEN",111,29.1,0.899,91.8,144,-11.3,-9.33,-18.4,220,195,273,23,"1",NA,8.21,33
"229","Gabriel Davis","WR","BUF",176,15.6,0.629,156,192,-11.4,-4.27,-25.9,221,154,332,40,"7",102,4.98,23
"230","Jordan Poyer","DB","BUF",93.4,13.1,0.454,85.7,108,-11.4,-4.57,-15.9,222,157,253,30,"2",NA,4.1,39
"231","Dalton Kincaid","TE","BUF",122,26.4,2.15,90.2,166,-11.6,-30,5.31,223,391,113,18,"6",122,5.74,77
"232","Kerby Joseph","DB","DET",93,17.9,0.0368,78,112,-11.9,-12.2,-12.1,224,221,213,31,"2",NA,NA,57
"233","Kyle Hamilton","DB","BAL",93,11.6,1.69,81.4,103,-11.9,-8.81,-21.5,225,189,301,32,"2",NA,NA,28
"234","Michael Thomas","WR","NO",175,17.9,4.34,160,208,-12,-0.391,-10.3,226,132,198,41,"7",107,7.14,34
"235","Darius Leonard","LB","IND",110,12.9,0.0442,101,125,-12.2,-0.35,-38,227,131,412,24,"1",NA,15.4,6
"236","Tremaine Edmunds","LB","CHI",110,32.9,1.06,90.7,148,-12.3,-10.4,-14.8,228,206,247,25,"2",NA,8.78,45
"237","Matt Gay","K","IND",132,8.42,0.203,122,145,-12.7,-9.37,-12.6,229,196,220,21,"3",175,1.65,61
"238","Demarcus Lawrence","DL","DAL",61.8,16.2,0.611,50.6,80.2,-12.8,-18,-10.6,230,283,199,30,"5",NA,NA,65
"239","Chase McLaughlin","K","TB",132,8.86,0.213,116,140,-12.9,-15.8,-17.1,231,264,262,22,"3",170,0,65
"240","Cairo Santos","K","CHI",132,10.2,0.905,119,148,-13.1,-13.1,-9.63,233,230,194,23,"3",170,0,74
"241","Bengals","DST","CIN",83.5,8.84,0.222,68.9,91.9,-13.1,-16,-19.2,232,265,281,22,"12",172,0.5,32
"242","Giants","DST","NYG",83.3,8.73,0.712,68.2,92.4,-13.3,-16.7,-18.7,234,271,276,23,"13",180,0,52
"243","Ernest Jones","LB","LAR",109,40.9,0.187,82.9,156,-13.3,-18.2,-6.77,235,288,180,26,"2",NA,5.62,78
"244","ZaDarius Smith","DL","CLE",61.2,14,0.00616,51.5,77.2,-13.4,-17.1,-13.7,236,275,231,31,"5",NA,NA,53
"245","Javon Hargrave","DL","SF",61.2,14.7,0.0188,50.6,77.8,-13.4,-18,-13,237,284,222,32,"5",NA,5.16,56
"246","Dexter Lawrence","DL","NYG",61.1,26,0.14,46.4,91,-13.4,-22.1,0.145,238,318,129,33,"5",NA,6.36,95
"247","T.J. Edwards","LB","CHI",109,47.3,0.877,80.8,163,-13.5,-20.3,0.519,239,303,126,27,"2",NA,6.89,94
"248","Trey Hendrickson","DL","CIN",61,16.7,0.102,49.2,80,-13.6,-19.3,-10.8,240,296,201,34,"5",NA,NA,67
"249","Kenny Moore","DB","IND",91.3,1.63,0.265,90.2,92.5,-13.6,0,-31.9,241,130,373,33,"2",NA,6.07,1
"250","Sam LaPorta","TE","DET",120,17.1,2.89,93.7,143,-13.7,-26.5,-17.5,243,359,265,19,"7",145,3.79,60
"251","Chris Jones","DL","KC",60.9,0.141,0.922,60.8,61,-13.7,-7.74,-29.8,242,184,355,35,"6",NA,7.46,1
"252","Jordan Fuller","DB","LAR",91,4.86,0.11,86.5,96.1,-13.9,-3.68,-28.2,244,151,344,34,"2",NA,NA,7
"253","Kaimi Fairbairn","K","HOU",131,5.13,0.804,124,137,-14,-7.65,-21,247,183,295,24,"3",170,0,16
"254","Titans","DST","TEN",82.6,7.3,0.469,70.2,92.5,-14,-14.7,-18.6,246,248,274,24,"13",170,0,48
"255","Jevon Holland","DB","MIA",90.9,19.1,0.39,80.2,113,-14,-10.1,-11.6,245,202,206,35,"2",NA,NA,65
"256","Aaron Rodgers","QB","NYJ",258,20.8,0.259,220,277,-14.1,-31.9,-9.06,248,411,188,15,"5",99.5,9.19,41
"257","Russell Wilson","QB","DEN",257,19.7,0.603,231,277,-14.4,-21.2,-9.07,250,306,189,16,"5",137,4.99,47
"258","Dre Greenlaw","LB","SF",108,27.9,0.724,88,140,-14.4,-13.1,-23,251,232,311,28,"2",NA,7.78,27
"259","Tony Adams","DB","NYJ",90.5,NA,0.373,NA,NA,-14.4,NA,NA,249,NA,NA,36,"2",NA,NA,NA
"260","Vikings","DST","MIN",82.1,6.89,0.245,70.2,88.7,-14.5,-14.7,-22.3,252,249,306,25,"13",181,0,39
"261","Zach Sieler","DL","MIA",60,21.6,1.1,47.8,84.8,-14.6,-20.8,-6.01,253,305,174,36,"6",NA,NA,89
"262","Broncos","DST","DEN",81.9,7.39,1.79,70,90.5,-14.7,-14.9,-20.6,254,251,291,26,"14",158,0.7,16
"263","DeShon Elliott","DB","MIA",90.1,21.6,0.101,76.3,106,-14.7,-13.9,-18.4,255,240,271,37,"2",NA,4.06,72
"264","Matt Prater","K","ARI",130,10.4,0.947,115,145,-14.8,-17.1,-12.2,256,276,215,25,"3",170,0,77
"265","Tyrann Mathieu","DB","NO",90,18.1,0.566,79.4,111,-14.8,-10.8,-13.6,257,210,230,38,"2",NA,NA,59
"266","Tua Tagovailoa","QB","MIA",257,16.3,12.7,239,280,-15,-13.2,-5.4,258,235,166,17,"6",94.1,7.55,15
"267","Devin White","LB","TB",108,36.2,0.999,85.6,149,-15.1,-15.5,-13.9,259,258,236,29,"2",NA,6.7,59
"268","Richie Grant","DB","ATL",89.5,35,0.592,68.8,130,-15.4,-21.5,5.22,260,310,115,39,"2",NA,NA,98
"269","Shaquil Barrett","DL","TB",58.9,1.7,1.56,57.6,60,-15.7,-10.9,-30.8,261,211,364,37,"6",NA,4.8,9
"270","Wil Lutz","K","NO",129,10.2,1.07,119,143,-15.8,-13.1,-14.5,262,231,244,26,"3",188,1.63,45
"271","Talanoa Hufanga","DB","SF",88.9,28.8,0.12,68,122,-16,-22.2,-2.83,263,320,147,40,"2",NA,7.73,93
"272","Nakobe Dean","LB","PHI",107,7.1,0.125,101,114,-16.1,0,-48.5,265,130,497,30,"2",NA,12.5,1
"273","Decobie Durant","DB","LAR",88.7,11.4,0.111,77.7,99.2,-16.1,-12.5,-25.1,264,224,323,41,"2",NA,NA,26
"274","Micah Parsons","LB","DAL",106,NA,0.229,NA,NA,-16.2,NA,NA,267,NA,NA,31,"2",NA,NA,NA
"275","Donovan Wilson","DB","DAL",88.6,17.5,0.656,74.1,108,-16.2,-16.1,-16.5,266,266,257,42,"2",NA,NA,54
"276","Jordan Addison","WR","MIN",171,26.6,1.97,139,217,-16.4,-21.5,-0.642,268,312,135,42,"7",104,10.6,68
"277","Cardinals","DST","ARI",80.1,6.6,1.1,74.1,92.2,-16.5,-10.8,-18.9,270,209,280,27,"15",170,0,68
"278","Pete Werner","LB","NO",106,22.3,1.7,85.9,129,-16.5,-15.2,-34.1,269,255,387,32,"2",NA,6.72,12
"279","Irv Smith Jr.","TE","CIN",117,17.1,0.44,97.2,142,-16.6,-23,-18.8,271,330,278,20,"7",160,1.85,66
"280","Chad Ryland","K","NE",128,14.3,1.19,112,152,-16.8,-20,-5.61,272,300,168,27,"3",170,1.44,90
"281","Kyler Gordon","DB","CHI",88,17.3,0.801,73,106,-16.9,-17.2,-18.1,273,278,270,43,"2",NA,NA,52
"282","Zach Ertz","TE","ARI",116,23.8,1.77,83.6,146,-17.1,-36.6,-14.2,274,452,243,21,"7",160,4.24,83
"283","Tyus Bowser","DL","BAL",57.3,10.2,0.554,49.8,63.8,-17.3,-18.7,-27,275,293,335,38,"6",NA,NA,45
"284","Panthers","DST","CAR",79,7.41,0.351,68.5,87.4,-17.6,-16.4,-23.7,276,268,315,28,"15",168,0,35
"285","Rodney Thomas II","DB","IND",87.2,7.61,0.0974,79,93.9,-17.7,-11.2,-30.5,277,213,360,44,"2",NA,NA,11
"286","Joey Bosa","DL","LAC",56.8,3.39,0.142,54.3,58.9,-17.8,-14.3,-31.9,280,244,372,39,"6",NA,7.44,22
"287","Jonathan Owens","DB","GB",87.1,29.1,0.0204,68.4,108,-17.8,-21.8,-15.9,278,317,252,45,"2",NA,5.66,94
"288","Marshon Lattimore","DB","NO",87.1,8.99,0.192,79.7,96.8,-17.8,-10.5,-27.5,279,208,340,46,"2",NA,NA,17
"289","Cade York","K","CLE",127,7.41,0.807,119,139,-18,-12.9,-18.8,284,228,277,28,"3",170,0,35
"290","Buccaneers","DST","TB",78.6,11.7,1.86,57.2,89,-18,-27.6,-22.1,282,370,305,29,"16",170,0,94
"291","Dre'Mont Jones","DL","SEA",56.6,16,1.2,47.3,75,-18,-21.3,-15.8,281,308,251,40,"6",NA,NA,64
"292","Carlton Davis","DB","TB",86.9,10.9,0.0471,80.2,99.3,-18,-10,-25,283,201,322,47,"2",NA,NA,24
"293","Terrell Edmunds","DB","PHI",86.8,14.3,0.623,73.8,101,-18,-16.4,-23,285,269,312,48,"2",NA,NA,41
"294","Cody Barton","LB","WAS",104,46.5,0.407,71.3,157,-18.2,-29.8,-5.63,286,387,169,33,"2",NA,NA,92
"295","Jaxon Smith-Njigba","WR","SEA",169,22.9,1.52,148,213,-18.3,-12.7,-4.85,287,225,163,43,"7",103,10.9,55
"296","Patrick Queen","LB","BAL",104,28.7,0.419,87.7,137,-18.6,-13.4,-25.9,288,236,331,34,"2",NA,NA,31
"297","Michael Jackson","DB","SEA",86.2,NA,0.0385,NA,NA,-18.7,NA,NA,289,NA,NA,49,"2",NA,NA,NA
"298","Deommodore Lenoir","DB","SF",86.2,23.1,0.163,66.1,110,-18.7,-24.1,-13.9,290,336,238,50,"2",NA,NA,76
"299","Hunter Henry","TE","NE",114,16.4,1.29,94.1,135,-18.8,-26.1,-25.6,293,355,327,22,"7",163,2.56,69
"300","Joey Slye","K","WAS",126,9.53,0.0187,115,143,-18.8,-17,-14.5,291,274,245,29,"3",170,0,58
"301","Tanner Brown","K","LAR",126,11.9,0.981,116,146,-18.8,-15.6,-11.7,292,260,207,30,"3",170,0,52
"302","Brandon Jones","DB","MIA",86,50.7,0.569,52.1,144,-18.9,-38.1,19.5,294,464,79,51,"2",NA,NA,99
"303","David Long","LB","MIA",104,25.1,0.117,87.7,132,-19,-13.4,-30.6,295,238,363,35,"2",NA,5.28,20
"304","Gregory Rousseau","DL","BUF",55.4,2.19,1.41,54,57,-19.1,-14.5,-33.8,297,246,385,41,"7",NA,NA,15
"305","Jack Campbell","LB","DET",104,8.09,0.786,95.7,111,-19.1,-5.46,-51.9,296,164,523,36,"2",79.2,NA,2
"306","Charvarius Ward","DB","SF",85.4,14.5,0.622,73.3,101,-19.4,-16.9,-23.3,298,273,313,52,"2",NA,NA,43
"307","Jakobi Meyers","WR","LVR",168,18.9,4.01,149,197,-19.8,-11.2,-20.8,301,214,294,44,"7",136,3.01,39
"308","Caleb Shudak","K","FA",125,NA,0.665,NA,NA,-19.8,NA,NA,300,NA,NA,31,"3",NA,NA,13
"309","Falcons","DST","ATL",76.8,11,2.44,61.5,91.3,-19.8,-23.4,-19.8,299,332,286,30,"17",170,0,87
"310","Jamin Davis","LB","WAS",103,41.7,0.523,79.6,151,-19.9,-21.5,-12.3,302,313,216,37,"2",NA,NA,82
"311","Tyler Conklin","TE","NYJ",113,12.9,0.818,96,131,-20.1,-24.2,-30,304,338,357,23,"7",165,2.1,63
"312","Adoree Jackson","DB","NYG",84.8,15.7,0.115,74.6,103,-20.1,-15.6,-21.6,303,262,302,53,"2",NA,NA,44
"313","Julian Love","DB","SEA",84.7,3.95,0.115,82.4,89.2,-20.2,-7.86,-35.2,305,185,399,54,"2",NA,2.93,2
"314","Darrick Forrest","DB","WAS",84.6,34.7,0.695,63.1,124,-20.3,-27.1,0,306,365,130,55,"2",NA,NA,96
"315","Michael Hoecht","LB","LAR",102,NA,1.63,NA,NA,-20.4,NA,NA,307,NA,NA,38,"2",NA,NA,NA
"316","Anders Carlson","K","GB",124,6.45,6.66,116,133,-20.5,-15.7,-24.7,308,263,320,32,"4",170,0,39
"317","Jaelan Phillips","DL","MIA",54,1.48,0.619,52.9,55,-20.6,-15.6,-35.8,309,261,402,42,"7",NA,6.74,7
"318","Noah Fant","TE","SEA",112,15.4,0.861,88,130,-21,-32.2,-31.1,310,413,366,24,"7",171,2.15,57
"319","Jayron Kearse","DB","DAL",83.9,15.7,0.172,73.6,102,-21,-16.7,-22.6,311,270,308,56,"2",NA,NA,46
"320","Denico Autry","DL","TEN",53.4,3.68,0.0638,51.1,56.1,-21.2,-17.5,-34.7,313,282,397,43,"7",NA,NA,24
"321","B.J. Hill","DL","CIN",53.3,21.2,0.168,40.5,77.7,-21.2,-28.1,-13.1,315,372,224,44,"7",NA,NA,85
"322","Jimmie Ward","DB","HOU",83.7,4.73,0.0744,78.4,87.2,-21.2,-11.9,-37.1,312,217,406,57,"2",NA,NA,6
"323","Jordan Whitehead","DB","NYJ",83.6,16.6,0.583,71.5,102,-21.2,-18.7,-21.9,314,291,304,58,"2",NA,NA,50
"324","Khyiris Tonga","DL","MIN",53.2,51.1,1.23,18.3,88.6,-21.4,-50.3,-2.21,316,547,143,45,"7",NA,NA,99
"325","Leonard Fournette","RB","FA",134,NA,0.21,NA,NA,-21.5,NA,NA,317,NA,NA,37,"9",161,3.06,97
"326","Jamaal Williams","RB","NO",134,16.1,0.107,113,155,-21.8,-14,-37,318,242,405,38,"9",105,5.52,11
"327","Cade Otton","TE","TB",111,10.1,0.198,101,126,-21.8,-19.6,-34.4,319,298,392,25,"7",170,1.19,43
"328","Reed Blankenship","DB","PHI",83.1,25.3,0.141,65.8,101,-21.8,-24.5,-23.8,320,340,316,59,"2",NA,NA,87
"329","Raheem Mostert","RB","MIA",134,23.6,0.282,112,175,-21.9,-14.9,-17.5,321,250,266,39,"9",130,4.05,51
"330","Hayden Hurst","TE","CAR",111,14,7.87,94.4,131,-22,-25.9,-29.4,323,352,351,26,"8",164,1.95,54
"331","Jonathan Jones","DB","NE",82.9,12.5,0.272,75.1,97.2,-22,-15.1,-27.1,322,253,337,60,"2",NA,NA,35
"332","Kareem Hunt","RB","FA",133,NA,4.49,NA,NA,-22.1,NA,NA,326,NA,NA,40,"9",159,4.53,94
"333","Divine Deablo","LB","LVR",101,24.3,0.085,85.5,128,-22.1,-15.6,-34.5,324,259,393,39,"2",NA,9.26,16
"334","Alex Anzalone","LB","DET",100,38.8,0.691,67.3,143,-22.1,-33.8,-20.2,325,425,289,40,"2",NA,NA,67
"335","Raiders","DST","LVR",74.3,11.5,1.6,61.2,91.7,-22.3,-23.6,-19.4,329,333,283,31,"18",170,0,97
"336","Von Miller","DL","BUF",51.9,4.67,0.0762,48.5,54.9,-22.6,-20,-35.9,331,301,403,46,"7",NA,2.64,25
"337","Montez Sweat","DL","WAS",51.9,18.3,0.128,40.1,72.8,-22.7,-28.4,-18,332,374,269,47,"7",NA,NA,75
"338","Alex Highsmith","DL","PIT",51.7,6.51,1.46,47,55.9,-22.8,-21.6,-34.9,334,316,398,48,"8",NA,5.66,35
"339","Quincy Williams","LB","NYJ",99.8,28.4,0.123,84,132,-22.8,-17.1,-30.5,333,277,361,41,"2",NA,NA,29
"340","Alex Highsmith","LB","PIT",99.7,NA,0.26,NA,NA,-23,NA,NA,336,NA,NA,42,"2",NA,5.66,NA
"341","Christian Harris","LB","HOU",99.4,30.6,0.191,75,133,-23.2,-26.1,-29.9,338,353,356,43,"2",NA,2.66,39
"342","Zaven Collins","LB","ARI",99.2,32.6,2.02,78.6,123,-23.4,-22.6,-39.6,339,326,424,44,"2",NA,NA,41
"343","Rondale Moore","WR","ARI",164,25.3,0.643,135,201,-23.8,-25.2,-17.1,341,345,263,45,"7",150,1.77,86
"344","Bears","DST","CHI",72.7,14.4,0,47.5,88.2,-23.9,-37.4,-22.9,342,455,310,32,"18",170,0,81
"345","Josh Allen","DL","JAC",50.3,17.9,0.431,37.1,61.7,-24.3,-31.4,-29.1,345,404,348,49,"8",NA,NA,71
"346","Treylon Burks","WR","TEN",163,28.9,1.45,120,198,-24.5,-40.3,-19.5,346,485,284,46,"8",123,3.18,77
"347","Chandler Jones","DL","LVR",49.9,1.91,0.323,48.6,51.3,-24.7,-19.9,-39.6,347,299,425,50,"8",NA,NA,13
"348","Dean Lowry","DL","MIN",49.5,46.4,0.471,17.9,81.7,-25.1,-50.7,-9.17,350,551,190,51,"8",NA,NA,98
"349","Quay Walker","LB","GB",97.2,27.2,0.665,79.6,128,-25.4,-21.5,-34.6,352,311,395,45,"2",NA,NA,24
"350","Michael Hoecht","DL","LAR",49.1,4.67,0.957,46.1,52.5,-25.5,-22.5,-38.3,353,322,415,52,"8",NA,NA,25
"351","Odell Beckham","WR","BAL",161,27.2,2.17,126,197,-25.9,-34.2,-21.2,354,428,299,47,"8",114,4.91,89
"352","Shaq Green-Thompson","LB","CAR",96.5,45.7,0.912,70.6,149,-26.1,-30.5,-13.9,355,396,237,46,"2",NA,NA,90
"353","James Houston","DL","DET",48.1,NA,0.1,NA,NA,-26.5,NA,NA,357,NA,NA,53,"8",NA,NA,NA
"354","Jeffery Wilson","RB","MIA",129,34,2.69,88.2,179,-26.6,-38.6,-13,360,471,223,41,"10",142,2.61,83
"355","Leonard Floyd","DL","BUF",48,NA,0.0737,NA,NA,-26.6,NA,NA,359,NA,NA,54,"8",NA,NA,NA
"356","Travon Walker","DL","JAC",47.9,1.41,0.491,47,49,-26.7,-21.5,-41.9,362,314,446,55,"8",NA,NA,4
"357","Matt Judon","LB","NE",95.6,NA,1.28,NA,NA,-27,NA,NA,365,NA,NA,47,"2",NA,8.35,NA
"358","Brandon Graham","DL","PHI",47.4,2.19,0.416,46,49,-27.1,-22.5,-41.8,367,323,442,56,"8",NA,NA,15
"359","Kenny Clark","DL","GB",47,26,0.0474,29.1,76.6,-27.6,-39.4,-14.2,369,475,242,57,"8",NA,NA,96
"360","Bud Dupree","DL","ATL",47,1.48,0.273,46,48.1,-27.6,-22.5,-42.8,371,324,450,58,"8",NA,NA,5
"361","Anthony Richardson","QB","IND",244,38.4,9.15,176,286,-27.7,-76.3,0,372,612,130,18,"7",113,11.2,79
"362","Jermaine Johnson","DL","NYJ",46.7,NA,0.0956,NA,NA,-27.9,NA,NA,375,NA,NA,59,"8",NA,NA,NA
"363","Yannick Ngakoue","DL","CHI",46.6,8.56,0.836,41.1,52.9,-28,-27.4,-37.9,376,369,411,60,"8",NA,NA,42
"364","Kadarius Toney","WR","KC",159,26.8,1,115,188,-28.1,-45.5,-30.3,378,517,359,48,"8",123,3.16,85
"365","Haason Reddick","LB","PHI",94.4,NA,0.5,NA,NA,-28.3,NA,NA,380,NA,NA,48,"2",NA,9.5,NA
"366","Elandon Roberts","LB","PIT",93.8,38.8,0.0854,68.7,138,-28.8,-32.4,-24.7,382,414,318,49,"2",NA,NA,69
"367","Nicholas Morrow","LB","PHI",93.8,33.5,0.0798,66.9,131,-28.9,-34.3,-31.9,385,429,374,50,"2",NA,NA,47
"368","Leighton Vander Esch","LB","DAL",93.7,36.7,0.339,69.7,136,-29,-31.4,-27.3,386,402,338,51,"2",NA,NA,61
"369","Tyler Boyd","WR","CIN",158,13.8,0.495,138,174,-29.1,-22.2,-44,389,319,462,49,"8",146,2.78,18
"370","Jerick McKinnon","RB","KC",126,30.4,0.0161,96.6,180,-29.3,-30.2,-12,393,393,212,42,"10",126,4.22,75
"371","Denzel Perryman","LB","HOU",93.3,37.4,0.486,71.6,136,-29.3,-29.5,-26.6,392,383,333,52,"2",NA,NA,63
"372","Ezekiel Elliott","RB","NE",126,27.7,4.78,100,176,-29.4,-26.6,-16.8,394,362,261,43,"10",124,6.11,87
"373","Allen Lazard","WR","NYJ",158,22.4,0.29,128,190,-29.6,-32.1,-28,396,412,343,50,"8",136,3.36,62
"374","Jaelan Phillips","LB","MIA",92.9,NA,0.28,NA,NA,-29.8,NA,NA,399,NA,NA,53,"2",NA,6.74,NA
"375","Zay Flowers","WR","BAL",158,9.03,1.33,146,169,-29.9,-14,-48.7,403,241,501,51,"8",110,9.13,3
"376","Mike Gesicki","TE","NE",103,25.6,1.01,77.9,147,-29.9,-42.3,-13.7,402,498,233,27,"8",174,1.77,89
"377","Azeez Al-Shaair","LB","TEN",92.6,49.6,0.45,62.8,149,-30.1,-38.3,-13.5,404,466,227,54,"2",NA,7.2,96
"378","Joey Bosa","LB","LAC",92.1,NA,0.0936,NA,NA,-30.5,NA,NA,410,NA,NA,55,"2",NA,7.44,NA
"379","Ja'Whaun Bentley","LB","NE",92,38.4,0.505,70.2,136,-30.6,-30.9,-26.7,412,400,334,56,"2",NA,NA,65
"380","Logan Thomas","TE","WAS",102,8.78,1.56,95.7,119,-30.9,-24.5,-41.2,416,341,441,28,"8",170,1.73,34
"381","Robert Spillane","LB","LVR",91.5,53.9,0.364,61.7,153,-31.1,-39.5,-9.49,418,476,193,57,"2",NA,NA,99
"382","Zay Jones","WR","JAC",156,23.8,2.01,124,188,-31.2,-36.6,-29.5,419,451,352,52,"8",146,2.39,73
"383","Willie Gay","LB","KC",91.2,21.5,0.544,78.2,116,-31.5,-22.9,-47,420,329,487,58,"2",NA,NA,8
"384","Germaine Pratt","LB","CIN",90.6,35.9,0.0722,66.8,132,-32,-34.3,-31.3,423,430,368,59,"2",NA,NA,55
"385","Demario Davis","LB","NO",90.6,35,1.74,67.1,130,-32.1,-34.1,-32.4,424,427,377,60,"2",NA,6.67,53
"386","Luke Musgrave","TE","GB",101,32.3,0.785,39.6,129,-32.5,-80.6,-31.7,429,626,371,29,"8",155,2.86,99
"387","Nico Collins","WR","HOU",154,14.4,2.65,135,175,-33.2,-25.2,-42.8,432,346,451,53,"8",139,2.38,24
"388","Dawson Knox","TE","BUF",100,27.9,2.57,62.7,142,-33.2,-57.5,-18.6,433,569,275,30,"8",144,2.25,91
"389","Zach Charbonnet","RB","SEA",121,20.5,0.893,101,153,-34.1,-25.7,-39.9,444,351,429,44,"10",109,7.33,31
"390","Rashaad Penny","RB","PHI",121,20.3,0.396,88.7,143,-35,-38.1,-49.3,452,463,504,45,"10",111,4.04,49
"391","Elijah Mitchell","RB","SF",120,9.14,4.02,109,135,-35.4,-18.3,-57.3,457,289,570,46,"10",127,3.23,1
"392","Jelani Woods","TE","IND",97.5,14.4,2.84,75.7,113,-35.8,-44.5,-47.5,458,510,490,31,"8",171,1.56,51
"393","Adam Thielen","WR","CAR",152,22.4,1.27,129,192,-35.9,-30.9,-25.8,461,399,329,54,"8",137,3.62,76
"394","Derek Carr","QB","NO",235,17.9,0.1,212,258,-36.8,-40.3,-27.6,466,484,342,19,"7",141,3.76,35
"395","Kenny Pickett","QB","PIT",235,20,8.72,217,272,-36.9,-35.7,-14,468,440,241,20,"7",144,3.21,56
"396","Romeo Doubs","WR","GB",150,18.4,0.869,129,180,-37.2,-31.6,-37.7,472,407,410,55,"8",139,3.26,59
"397","Russell Gage","WR","TB",149,NA,0.546,NA,NA,-38,NA,NA,485,NA,NA,56,"8",NA,NA,99
"398","Darnell Mooney","WR","CHI",149,15.4,2.37,130,171,-38.6,-30.8,-46.4,497,397,479,57,"8",153,2.41,37
"399","Jake Ferguson","TE","DAL",94.7,26.2,6.6,53.7,123,-38.6,-66.5,-38,498,594,413,32,"9",163,2.05,97
"400","Devin Singletary","RB","HOU",116,22.1,0.597,88,153,-39.4,-38.8,-39.3,504,472,421,47,"10",146,2.84,59
"401","Jaylen Warren","RB","PIT",116,13.4,1.96,101,136,-40,-26.2,-56.2,512,356,561,48,"10",127,4.7,14
"402","D.J. Chark","WR","CAR",146,20.1,0.268,128,184,-40.9,-31.9,-34.2,526,410,390,58,"8",151,3.28,69
"403","Skyy Moore","WR","KC",146,32.6,1.22,96.4,197,-41.2,-64,-21.3,529,585,300,59,"8",120,4.11,94
"404","Damien Harris","RB","BUF",114,25.3,0.984,76.9,146,-42,-49.9,-46.7,534,546,482,49,"10",129,2.76,66
"405","Curtis Samuel","WR","WAS",145,15.1,0.176,125,167,-42.4,-35.1,-51.3,537,434,519,60,"8",177,2.38,54
"406","Jarvis Landry","WR","FA",145,NA,1.01,NA,NA,-42.6,NA,NA,541,NA,NA,61,"8",NA,NA,99
"407","Chuba Hubbard","RB","CAR",113,23,0.591,84.7,149,-43,-42.2,-43.5,551,497,456,50,"10",157,1.77,70
"408","Tyler Allgeier","RB","ATL",112,20.1,0.821,88.5,142,-43.6,-38.3,-50.5,562,465,513,51,"10",133,2.27,48
"409","K.J. Osborn","WR","MIN",144,28.1,0.17,101,180,-43.6,-59.3,-37.4,563,573,409,62,"8",161,2.83,92
"410","Hunter Renfrow","WR","LVR",144,11.3,0.249,127,162,-43.8,-32.9,-55.5,565,422,551,63,"8",171,2.54,42
"411","Marquez Valdes-Scantling","WR","KC",143,20.9,0.685,117,171,-44,-43.1,-46.6,568,500,480,64,"8",166,3.08,80
"412","Kenneth Gainwell","RB","PHI",111,27.9,9.22,79,154,-44.4,-47.8,-38.9,570,535,416,52,"11",136,2.68,82
"413","Elijah Moore","WR","CLE",143,42.7,0.135,64.4,194,-44.7,-95.9,-24.3,572,661,317,65,"8",125,2.86,97
"414","Michael Gallup","WR","DAL",143,20.7,2.97,114,161,-44.9,-46.8,-56.7,574,531,563,66,"9",155,2.28,65
"415","Michael Mayer","TE","LVR",88,25.9,0.437,42.8,121,-45.2,-77.4,-39.2,578,616,420,33,"9",164,4.46,86
"416","Jordan Love","QB","GB",226,18.4,0.654,207,256,-45.6,-45.8,-29.4,582,522,350,21,"7",153,4.75,53
"417","Taysom Hill","TE","NO",87.6,32.2,7.32,54.8,147,-45.7,-65.4,-13.8,583,590,234,34,"9",157,2.4,94
"418","Brock Purdy","QB","SF",225,27.1,0.268,190,266,-46.3,-62.8,-20.1,586,581,287,22,"7",144,5.2,85
"419","Matthew Stafford","QB","LAR",225,23.2,7.44,185,253,-46.5,-67.4,-32.4,590,595,376,23,"8",148,3.3,59
"420","DeVante Parker","WR","NE",140,27.3,0.128,116,181,-47.8,-44.2,-37.2,606,507,407,67,"9",175,2.52,90
"421","Quentin Johnston","WR","LAC",139,25.7,3.41,94.4,170,-48,-65.9,-48.1,607,592,493,68,"9",123,8.39,79
"422","Donovan Peoples-Jones","WR","CLE",136,34.6,3.29,107,199,-51.4,-53.8,-19.3,629,557,282,69,"9",156,1.94,96
"423","Trey McBride","TE","ARI",80.3,21.4,5.12,61,116,-53,-59.2,-44.4,639,572,465,35,"9",170,1.2,80
"424","DOnta Foreman","RB","CHI",102,28.5,5.92,64.5,145,-53.6,-62.3,-47,645,579,486,53,"11",141,2.34,86
"425","Jimmy Garoppolo","QB","LVR",218,20.1,4.84,197,247,-54,-55.7,-38.9,649,564,417,24,"8",162,3.25,65
"426","Alec Pierce","WR","IND",133,26.1,2.21,111,180,-54.6,-49.3,-38.2,653,544,414,70,"9",174,1.43,87
"427","Mecole Hardman","WR","NYJ",131,31.4,1.1,104,186,-56.9,-56.4,-31.6,664,567,370,71,"9",180,1.61,93
"428","Robert Woods","WR","HOU",129,20.2,0.806,107,154,-58,-53.2,-63.7,672,555,596,72,"9",179,3.64,83
"429","Isaiah Likely","TE","BAL",75.2,26,0.725,45.9,120,-58.1,-74.3,-40.1,675,605,431,36,"9",184,2.54,74
"430","Bryce Young","QB","CAR",213,16.5,3.35,195,237,-58.8,-57,-48.4,682,568,496,25,"8",153,10.6,62
"431","Cordarrelle Patterson","RB","ATL",96,16.7,1.7,72.5,118,-59.5,-54.3,-74.1,689,561,617,54,"11",160,2.05,69
"432","Devon Achane","RB","MIA",94.3,50,0.0334,25.1,174,-61.2,-102,-18.9,698,682,279,55,"11",127,4.78,99
"433","Tank Bigsby","RB","JAC",94.3,15.8,3.78,66.4,109,-61.3,-60.4,-83.1,699,576,637,56,"11",127,5.01,62
"434","Ryan Tannehill","QB","TEN",210,27.1,4.38,184,254,-62.2,-68.7,-31.5,705,597,369,26,"8",155,4.45,68
"435","Chase Edmonds","RB","TB",90.5,31,2.09,30.2,116,-65,-96.6,-76.3,726,665,623,57,"11",173,2.46,90
"436","Mac Jones","QB","NE",205,28.6,3.76,174,235,-66.6,-78.7,-50.9,730,621,515,27,"8",154,3.01,82
"437","Tyjae Spears","RB","TEN",88.4,29.4,2.78,60.4,144,-67.1,-66.4,-48.1,735,593,492,58,"12",150,4.93,92
"438","Gus Edwards","RB","BAL",85.6,13.3,1.37,63.6,99,-69.9,-63.2,-93.5,749,582,658,59,"12",159,1.87,54
"439","Sam Howell","QB","WAS",201,41.8,2.95,143,257,-70.3,-110,-28.2,753,723,345,28,"9",153,3.26,97
"440","Joshua Kelley","RB","LAC",84.3,22.8,0.283,47.8,108,-71.3,-79,-84.1,762,622,641,60,"12",171,1.64,76
"441","Zamir White","RB","LVR",84,37.2,1.07,51.9,141,-71.6,-74.9,-51,764,608,517,61,"12",155,2.07,93
"442","Jerome Ford","RB","CLE",82.9,23.3,0.807,43.8,107,-72.6,-83,-85.2,767,633,645,62,"12",171,2.6,80
"443","C.J. Stroud","QB","HOU",198,24.6,8.38,175,235,-73.3,-77.6,-51.1,771,617,518,29,"9",155,13.7,71
"444","Clyde Edwards-Helaire","RB","KC",82.1,22.8,5.41,44.4,105,-73.4,-82.4,-87.7,772,631,647,63,"12",158,3.03,79
"445","J.D. McKissic","RB","FA",76.7,NA,1.1,NA,NA,-78.8,NA,NA,801,NA,NA,64,"12",NA,NA,73
"446","Kyren Williams","RB","LAR",75.6,12.9,1.55,53.6,91.6,-80,-73.2,-101,807,603,678,65,"12",172,1.71,56
"447","Deuce Vaughn","RB","DAL",74,24,5.13,47.4,99.6,-81.5,-79.4,-92.9,811,625,657,66,"12",153,3.82,89
"448","Kyler Murray","QB","ARI",190,28.4,4.67,162,233,-81.6,-90.5,-52.7,812,646,532,30,"9",160,5.45,91
"449","Desmond Ridder","QB","ATL",185,24.1,15.1,150,217,-86.3,-103,-69,835,688,608,31,"10",154,3.7,76
"450","Kenyan Drake","RB","FA",68.9,25.3,1.31,51.5,86.3,-86.6,-75.3,-106,836,610,690,67,"12",NA,3.62,72
"451","Keaontay Ingram","RB","ARI",67.6,11.8,0.713,52.9,79.1,-87.9,-73.9,-113,843,604,707,68,"12",171,2.1,61
"452","Darrell Henderson","RB","FA",66.9,NA,3.46,NA,NA,-88.6,NA,NA,846,NA,NA,69,"13",NA,NA,63
"453","Sean Tucker","RB","TB",63.4,34.3,0.0369,28,93.4,-92.1,-98.8,-99.1,866,670,672,70,"13",151,2.6,96
"454","Dontrell Hilliard","RB","FA",63.4,NA,1.6,NA,NA,-92.1,NA,NA,867,NA,NA,71,"13",NA,NA,18
"455","Rico Dowdle","RB","DAL",61.8,52.8,0.697,27.7,135,-93.8,-99.1,-57.1,876,674,569,72,"13",173,7.44,99
"456","Baker Mayfield","QB","TB",170,51.4,99.5,96.3,230,-101,-156,-55.7,934,902,555,32,"11",156,5.63,99
"457","Matt Ryan","QB","FA",70.8,NA,5.82,NA,NA,-201,NA,NA,1280,NA,NA,33,"12",NA,NA,NA
"458","Colt McCoy","QB","ARI",64.9,27.6,9.54,22.4,102,-207,-230,-184,1280,911,883,34,"12",170,3.22,74
"459","Kyle Trask","QB","TB",55.4,38.2,1.55,5.71,91.3,-216,-247,-194,1280,932,893,35,"12",170,2.18,88
"460","Gardner Minshew","QB","IND",53.8,44.1,0.452,9.63,123,-218,-243,-163,1280,922,841,36,"12",170,1.61,94
